{
    "RMSE": 0.059274432594759716,
    "R²": 0.7404327718148486
}